                  Candidate User Name,         Unique Number,              Final Round,                            Feedback,       DATE,            Pass Final Round
BajoY3575,               T56487,            Find the flag,"Good. Work more on your skills, please check your result",2/11/21,TRUE
Guru@908j,                 H98jho8700,            Find the flag,"Nice to know you! Satisfying Resume, Work more on projects, please check your result",5/11/21,FALSE
Haim000n!,                 L976g69vhf,            Find the flag,"Happy to see your enthusiasm, Have good working experience, please check your result",5/11/21,FALSE
M@dh@tanm,                 I79uy06klo,            Find the flag,"Good. Work more on your skills, please check your result",2/11/21,TRUE
3rro3BaiZ,                 K98866ewy3,            Find the flag,"Hello, work more on your basics,  please check your result",2/11/21,TRUE
GaangYash,                 O88125kjhg,            Find the flag,"NICE to see your enthusiasm, Have good working experience, please check your result",5/11/21,FALSE
AadminMe,              mq5uwrt2cW,            Find the flag,"Projects are good, good experience, your words are powerfull,please check your result, O5FoQ5Au9mxkMLBoNK7dPWtXPqojH2VlOr7MJZI",5/11/21,FALSE
PaSSKunAl,                 fdP3334oi6,            Find the flag,"Don't be nervous, Everything id Good, please check your results",5/11/21,FALSE
uniquJazz,                 u7769jhgf5,            Find the flag,"Hello, work more on your basics,  please check your result",2/11/21,TRUE
Zayn_Jas0,                 wP09641iii,            Find the flag,"You are ready to take challenges, nice to have you,please check your results",5/11/21,FALSE
InVinciR@Y,                 Xiu05314kj,            Find the flag,"Your name is Special! Your key of success. Like your working skils,Do not fall into any trap, please check your result",5/11/21,FALSE
admin0000,                 E8jhgf7612,            Find the flag,"NICE to see your enthusiasm, Have good working experience, please check your result",5/11/21,FALSE
IDf0rME,                Wq5urt2cO,           Find the flag,"You are ready to take challenges, nice to have you,Lucky number 9, please check your results",2/11/21,TRUE